,book_name,asin
0,All the Light We Cannot See: A Novel,1501173219
1,A Man Called Ove: A Novel,1476738025
2,Beneath a Scarlet Sky: A Novel,1503943372
3,My Dear Hamilton: A Novel of Eliza Schuyler Hamilton,006246616X
4,The Address: A Novel,152474199X
5,Crazy Little Thing (A Bell Harbor Novel),1612186009
6,Percy Jackson and the Olympians The Battle of the Labyrinth: The Graphic Novel (Percy Jackson & the Olympians),1484782356
7,The Guernsey Literary and Potato Peel Pie Society,0385341008
8,The Forbidden Door: A Jane Hawk Novel,0525483705
9,"Overlord, Vol. 1 - light novel",0316272248
10,"A Novel Approach: Whole-Class Novels, Student-Centered Teaching, and Choice",0325088659
11,"Overlord, Vol. 2 - light novel",031636391X
12,Blackwaters (A Kate Reid Novel Book 4),B018RKW7QY
13,"Overlord, Vol. 6 (light novel): The Men of the Kingdom Part II",0316398799
14,Feels Like Home: Feels Like Romance Novella #1,B00TCV8JI8
15,Not Our Kind: A Novel,0062844237
16,SUBMITTING TO THE MARQUESS: A Regency BDSM Novella (Chateau Debauchery Book 4),B01KJ2F0RQ
17,"Overlord, Vol. 7 (light novel): The Invaders of the Great Tomb",0316398810
18,The Miniaturist: A Novel,0062306847
19,"Overlord, Vol. 8 (light novel): The Two Leaders",0316398845
20,"Where'd You Go, Bernadette: A Novel",0316204269
21,A Wrinkle in Time: The Graphic Novel,0374386153
22,"Amelia, An Autumn Bride (A Brides For All Seasons Novel)",B07B43XWT7
23,Dear Committee Members,0345807332
24,The Night Window: A Jane Hawk Novel,0525484701
25,Speak: The Graphic Novel,0374300283
26,Kristy's Big Day (The Baby-Sitters Club Graphix #6): Full-Color Edition,1338067613
27,The Girl Who Lived: A Thrilling Suspense Novel,B076FNQWTF
28,The Nightingale: A Novel,0312577222
29,"Overlord, Vol. 4 (light novel): The Lizardman Heroes",0316397598
30,The Baby-Sitters Club Graphix #1-4 Box Set: Full-Color Edition,1338118986
31,To Kill a Mockingbird: A Graphic Novel,0062798189
32,Cottage by the Sea: A Novel,0399181253
33,Rodeo Summer: A Camden Ranch Novel,B01C222K2E
34,Varina: A Novel,0062405985
35,Watchmen,1401245250
36,The Rules of Magic: A Novel (The Practical Magic Series Book 1),B071Y37P87
37,A Quest of Heroes: The Graphic Novel (Episode 1) (Graphic Novel of the Sorcerer's Ring),B00XYQCGEA
38,The House We Grew Up In: A Novel,1476776865
39,"Overlord, Vol. 5 (light novel): The Men of the Kingdom Part I",031639761X
40,Washington Black: A novel,0525521429
41,The Hobbit (Graphic Novel) with a subtitle of An illustrated edition of the fantasy classic,0345445600
42,"A Motherland's Daughter, A Fatherland's Son: A WWII Novel",B079YF1BD9
43,The Girl Who Came Home: A Novel of the Titanic (P.S.),0062316869
44,Matchmaking for Beginners: A Novel,1503900681
45,Save the Cat! Writes a Novel: The Last Book On Novel Writing You'll Ever Need,0399579745
46,"Overlord, Vol. 9 (light novel)",0316398861
47,The 90-Day Novel: Unlock the Story Within,1937746240
48,The Unwanted: A Novella,B005NLPVQY
49,The Crooked Staircase: A Jane Hawk Novel,B076GN5YZH
50,Lethal White (A Cormoran Strike Novel),0316422738
51,A Game of Thrones: The Graphic Novel: Volume One,044042321X
52,A Graphix Book: Wings of Fire Graphic Novel #1: The Dragonet Prophecy,0545942152
53,A Clash of Kings: The Graphic Novel: Volume One (A Game of Thrones: The Graphic Novel),0440423244
54,"Ready, Set, Novel!: A Workbook",1452101728
55,Stephen King's The Dark Tower: Beginnings: The Complete Graphic Novel Series,1982110201
56,New York: The Novel,0345497422
57,"The Teacher: A City Streets, Country Roads Novel",B00DZCUXJS
58,Storm On The Horizon: A paranormal Regency romance novella,B00BA1BJD0
59,Game Changer: A Contemporary Romance Novel (Playing Games #1),B00QWDUAE0
60,Tear It Down (A Peter Ash Novel),0399575669
61,Robert B. Parker's Colorblind (A Jesse Stone Novel),0399574948
62,Anything for You: An O'Brien Brothers Novel,B07GFCVLDF
63,The Guernsey Literary and Potato Peel Pie Society (Random House Reader's Circle Deluxe Reading Group Edition): A Novel,B0067AC118
64,Before We Were Yours: A Novel,0425284689
65,J.J. Green Reading List: A Guide to the Science Fiction Novels of J.J. Green,B07HGV8WJV
66,Musashi: An Epic Novel of the Samurai Era,156836427X
67,Promised Land: A Novel of Israel,1250118824
68,The Displaced: Fall of a Fortress — A Classic Historical Fiction Novel: Volume 1 of 3,B07BYV15NM
69,Summer Spark: A Contemporary Romance Novella (Four Seasons Serial Book 1),B00QVT7M5U
70,Dawn and the Impossible Three (The Baby-sitters Club Graphic Novel #5): A Graphix Book (The Baby-Sitters Club Graphix),1338067117
71,In Another World With My Smartphone: Volume 11,B07J6G451L
72,The Storied Life of A. J. Fikry: A Novel,1616204516
73,The Silent Corner: A Novel of Suspense (Jane Hawk),B01LY7FAHO
74,Hotel Sacher: A Novel,B079MC631J
75,Luckiest Girl Alive: A Novel,B00LD1OITO
76,The Brontë Sisters: The Complete Novels,B0776YWSP4
77,What the Hell Did I Just Read: A Novel of Cosmic Horror (John Dies at the End),1250040205
78,"The Complete Patrick Melrose Novels: Never Mind, Bad News, Some Hope, Mother's Milk, and At Last (The Patrick Melrose Novels)",1250069602
79,Kindred: A Graphic Novel Adaptation,141970947X
80,"Overlord, Vol. 3 (light novel): The Bloody Valkyrie",B01G1K1RV8
81,"My Brilliant Friend: Neapolitan Novels, Book One",1609450787
82,Brides of England: Four Full Length Medieval Romance Novels,B07GT8HLYK
83,"Those Who Leave and Those Who Stay: Neapolitan Novels, Book Three",160945233X
84,"Leverage in Death: An Eve Dallas Novel (In Death, Book 47)",B078X1YCM2
85,Ghost Fleet: A Novel of the Next World War,054470505X
86,Cherry: A novel,0525520139
87,The Whispering Room: A Jane Hawk Novel,B071CJBDJL
88,Transcription: A Novel,031617663X
89,The Lost Heir (Wings of Fire Graphic Novel 2): A Graphix Book,0545942209
90,White Houses: A Novel,B074656PYS
91,The Graphic Novel: An Introduction (Cambridge Introductions to Literature (Paperback)),1107655765
92,Sabrina,177046316X
93,Anne Frank's Diary: The Graphic Adaptation (Pantheon Graphic Library),1101871792
94,Resurrection: A Zombie Novel: Resurrection Book 1,B00IY1GV32
95,Take Me Higher: A Castaletta Syndicate Novel (The Casteletta Syndicate Book 1),B07DSFT7NS
96,Structuring Your Novel: Essential Keys for Writing an Outstanding Story,0985780401
97,"The Story of a New Name: Neapolitan Novels, Book Two",1609451341
98,Finding Pride (Pride Series Romance Novels Book 1),B009LQKHIO
99,Warlight: A novel,0525521194
100,A Gentleman in Moscow: A Novel,0670026190
101,The Story of Arthur Truluv: A Novel,B01M5I2JP9
102,"Olympians Boxed Set: Zeus, Athena, Hera, Hades, Poseidon & Aphrodite",1626720592
103,The Great Alone: A Novel,B06Y5WRS2C
104,The Edge of Courage (A Red Team Novel Book 1),B007WXJ0H2
105,Fake Blood,1481495577
106,"Death March to the Parallel World Rhapsody, Vol. 6 (light novel) (Death March to the Parallel World Rhapsody (light novel))",B07B2TDMRH
107,The Tattooist of Auschwitz: A Novel,0062797158
108,Stone Devil Duke: A Hold Your Breath Novel,B00JT1HP5Y
109,Romance: Desire - A Contemporary Romance Novel (The Jane Parkett Romance Series Book 1),B016T6UFNK
110,Anne of Green Gables: A Graphic Novel,144947960X
111,Star Wars: Original Trilogy Graphic Novel,1484737849
112,PILGRIMAGE OF PROMISE (A Miller's Creek Novel Book 4),B00C047D6S
113,A Ring of Truth: A Henrietta and Inspector Howard Novel,B06WVRTTR8
114,The Woman in the Window: A Novel,0062678418
115,The Little Old Lady Who Broke All the Rules: A Novel (League of Pensioners),0062447971
116,Nail Your Novel Instant Fix: 100 tips for fascinating characters,B0199911U0
117,5 Secrets of Story Structure: How to Write a Novel That Stands Out (Helping Writers Become Authors Book 6),B01BHE3HXE
118,"A Novel Approach to Politics: Introducing Political Science through Books, Movies, and Popular Culture",1506368654
119,I Liked My Life: A Novel,1250084873
120,You Loved Me At My Darkest,B00N1PMYR8
121,An American Marriage: A Novel (Oprah's Book Club 2018 Selection),1616208775
122,Kellie's Diary #3,B00D7X2SO8
123,ESCANTA: A James Thomas Novel (The James Thomas Series Book 1),B01D28JE0I
124,Poe: Stories and Poems: A Graphic Novel Adaptation by Gareth Hinds,0763695092
125,LaRose: A Novel,B01415U50O
126,Outlining Your Novel Workbook: Step-by-Step Exercises for Planning Your Best Book,0985780428
127,Oil and Marble: A Novel of Leonardo and Michelangelo,1628729066
128,The Shakespeare Requirement: A Novel,0385542348
129,Percy Jackson and the Olympians:  The Titan's Curse: The Graphic Novel (Percy Jackson and the Olympians: The Graphic Novel Book 3),B00DR1DWA4
130,The Music Shop: A Novel,B01NAFLSXD
131,Gentleman of Her Dreams (Ladies of Distinction): A Novella,B0091T62FS
132,Desperate Measures (A Stone Barrington Novel),0735219222
133,Shattered Mirror: An Eve Duncan Novel,B072QBL6P1
134,"Overlord, Vol. 10 (light novel)",0316444987
135,One Scottish Lass - A Regency Time Travel Romance Novella,B00NK3IACE
136,The Women in the Castle: A Novel,0062563661
137,Tame A Wild Heart (Tame Series Book 1),B005JFMPYU
138,How to Write an Autobiographical Novel: Essays,1328764524
139,Novel & Short Story Writer's Market 2019: The Most Trusted Guide to Getting Published,1440354375
140,"The Lightning Thief: The Graphic Novel (Percy Jackson & the Olympians, Book 1)",1423117107
141,El Deafo,1419712179
142,In His Father's Footsteps: A Novel,0399179267
143,The Neapolitan Novels by Elena Ferrante Boxed Set,B079MDD33J
144,Red War (A Mitch Rapp Novel),1501190598
145,MOONRISE: A Werewolf Novel (MOONRISE Series Book 1),B072TYCDFQ
146,Ash: A novella in the Wheels and Zombies series,B01AF2XR2A
147,Past Tense: A Jack Reacher Novel,0399593519
148,Baby Teeth: A Novel,B076ZTC4GQ
149,Dear Evan Hansen: The Novel,0316420239
150,"Konosuba: God's Blessing on This Wonderful World!, Vol. 6 (light novel): Princess of the Six Flowers (Konosuba (light novel))",0316468800
151,The Secrets on Chicory Lane: A Novel,B06ZXZ6SS3
152,My Name Is Lucy Barton: A Novel,B011G3HG5G
153,Paris in the Present Tense: A Novel,B073HHG1Y8
154,"The Mortal Instruments: The Graphic Novel, Vol. 2",0316465828
156,Matterhorn: A Novel of the Vietnam War,0802145310
157,[Neapolitan Novels 4 Books Set] (By Elena Ferrante Neapolitan Books):My Brilliant Friend/Story of a New Name/Those Who Leave and Those Who Stay/The Story of the Lost Child,B01HFQP8EO
158,"Re:ZERO -Starting Life in Another World-, Vol. 8 (light novel)",1975301935
159,The Reckoning: A Novel,0385544154
160,"The Story of the Lost Child: Neapolitan Novels, Book Four",1609452860
161,"Warriors Novella Box Set: The Untold Stories, Tales from the Clans, Shadows of the Clans, Legends of the Clans",0062747177
162,The Gold Mine: A Novel of Lean Turnaround,0974322563
163,"Is It Wrong to Try to Pick Up Girls in a Dungeon?, Vol. 12 (light novel) (Is It Wrong to Pick Up Girls in a Dungeon?)",1975354788
164,A Promise Of Home (A Lake Howling Novel Book 1),B00U4FDG6Q
165,Time's Convert: A Novel,B079KW48X9
166,Eleanor Oliphant Is Completely Fine: A Novel,B01KGZVTOE
167,Paris: The Novel,B009Y4I5N2
168,Beartown: A Novel,B01KG5GQDS
169,Monster: A Graphic Novel,0062274996
170,"A Work in Progress: A New Adult Contemporary Christian Romance Novel (The Faith Series, Book 1)",B004JN05KY
171,Love Is Blind: A novel,0525655263
172,Britt-Marie Was Here: A Novel,B017RNBRRW
173,Sarum: The Novel of England,0449000729
174,Fear University Series: Books 1-3 + Novella,B079M5V6YW
175,Marlena: A Novel,B01LYYHKFR
176,"The Man Who Wrote the Perfect Novel: John Williams, Stoner, and the Writing Life",1477317368
177,4 3 2 1: A Novel,B01IA6FM76
178,Fast as the Wind A Novel,B004UIZ7XS
179,DC Comics/Dark Horse: Batman vs. Predator (Batman DC Comics Dark Horse Comics),1401270786
180,Becoming Red (The Becoming Novels Book 1),B00AGLRUYC
181,The Beatles Yellow Submarine,1785863940
182,Midnight at the Bright Ideas Bookstore: A Novel,B01MDTCBVZ
183,Whole Novels for the Whole Class: A Student-Centered Approach,1118526503
184,A Murder of Quality: A George Smiley Novel (George Smiley Novels Book 2),B0081KYZPW
185,"That Time I Got Reincarnated as a Slime, Vol. 4 (light novel) (That Time I Got Reincarnated as a Slime (light novel))",1975301145
186,Gateway to the Moon: A Novel,B073YT1PRP
187,The Outsider: A Novel,B078M5G7XH
188,Shot All to Hell: A Graphic Novel,1683831519
189,"My Youth Romantic Comedy Is Wrong, As I Expected, Vol. 6 (light novel)",0316411868
190,Seconds: A Graphic Novel,0345529375
191,James Baldwin: Early Novels and Stories: Go Tell It on a Mountain / Giovanni's Room / Another Country / Going to Meet the Man,1883011515
192,Writing the Breakout Novel: Insider Advice for Taking Your Fiction to the Next Level,158297182X
193,Capturing the Earl’s Love: A free Novella (Marlow Intrigues),B00JO2W4U4
194,The Kurdish Bike: A Novel,0692758100
195,The Drawing Lesson: A Graphic Novel That Teaches You How to Draw,0385346336
196,Coraline: The Graphic Novel,0060825456
197,The Overstory: A Novel,039363552X
198,Accounting for Love: A Western Romance Novel (Long Valley Book 1),B07B7M6B4P
199,Outlining Your Novel: Map Your Way to Success,0978924622
200,We Were the Lucky Ones: A Novel,B01FRSZAUO
201,Year of Wonders: A Novel of the Plague,B0029WILXK
202,Never Too Late (A Henlit Novel Book 1),B01FTOYIZY
203,Light It Up (A Peter Ash Novel),B0727MJKWQ
204,Dark Sacred Night (A Ballard and Bosch Novel),0316484806
205,Everybody's Son: A Novel,B01LYGHD1V
206,The Champions of Justice and the Supreme Ruler of Evil (Light Novel),B07FZBWL5F
207,"Kiss a Girl in the Rain (Take a Chance, Book 1)",B00IDFHIVS
208,Miss Peregrine's Home for Peculiar Children: The Graphic Novel (Miss Peregrine's Peculiar Children: The Graphic Novel),0316245283
209,Arifureta: From Commonplace to World's Strongest (Light Novel) Vol. 6,1642751111
210,The Redeemers (A Quinn Colson Novel Book 5),B00OQS4CC4
211,Robert B. Parker's The Devil Wins (Jesse Stone Novels Book 14),B00SI0B7WE
212,The Red Coat - A Novel of Boston,0986223808
213,The Big Book of Graphic Novels for Minecrafters: Three Unofficial Adventures,1510727159
214,The Storyteller's Secret: A Novel,1503949087
215,"Death March to the Parallel World Rhapsody, Vol. 2 (light novel) (Death March to the Parallel World Rhapsody (light novel))",B01M2BLMBO
216,Jane Austen: The Complete Novels,B07HM36S5M
217,Ruined by a Rake - An All's Fair in Love Novella,B00C4CSUDG
218,The Adventure Zone: Here There Be Gerblins,1250153700
219,A Drop in the Ocean: A Novel,1631520261
220,Dead in Her Tracks [Kindle in Motion] (Rogue Winter Novella Book 2),B00YG3S9UU
221,Writing the Breakout Novel Workbook,158297263X
222,Claudia and Mean Janine (The Baby-Sitters Club Graphic Novel #4): A Graphix Book,0545886228
223,"Frankenstein: The Graphic Novel (American English, Original Text)",1906332495
224,How NOT to Summon a Demon Lord: Volume 1,171835200X
225,The Stronger Chase: A Chase Fulton Novel (Chase Fulton Novels Book 3),B07HFMDR6Z
226,On A Cold Christmas Eve (The Seldon Park Christmas Novellas Book 2),B00HET7OLS
227,The Complete Aubrey/Maturin Novels (Vol. 5 volumes),039306011X
228,The Extraordinary Life of Sam Hell: A Novel,B074H8NFDF
229,The Homesteader A Novel,B007P77H5C
230,There There: A novel,0525520376
231,"Her Grave Secrets (Rogue River Novella, Book 3)",B00LV4HZFM
232,How To Write A Novel The Easy Way Using The Pulp Fiction Method To Write Better Novels: Writing Skills,B00MMOZ81I
233,"Konosuba: God's Blessing on This Wonderful World!, Vol. 1: Oh! My Useless Goddess!",0316553379
234,The Witch Elm: A Novel,0735224625
235,An Archdemon's Dilemma: How to Love Your Elf Bride: Volume 2,B07H57RGF8
236,"That Time I Got Reincarnated as a Slime, Vol. 1 (light novel) (That Time I Got Reincarnated as a Slime (light novel))",B076H132D2
237,Grimgar of Fantasy and Ash (Light Novel) Vol. 8,1626929114
238,We Were Mothers: A Novel,B0798PW3C9
239,The Alchemist: A Graphic Novel (an illustrated interpretation of The Alchemist),0062024329
240,Second Fiddle Flirt (Cajun Two-Step Novellas Book 1),B077G4RX2L
241,"Bah, Humbug! (A Christmas Street Romantic Comedy Novella)",B005ME39HU
242,Amagi Brilliant Park: Volume 2,B07HLHJCDT
243,Be Prepared,1626724458
244,Didn't I Say To Make My Abilities Average In The Next Life?! Light Novel Vol. 1,B078T1H829
245,"Heroes of Olympus, Book One:  The Lost Hero: The Graphic Novel (The Heroes of Olympus: The Graphic Novel 1)",B00NYGF46C
246,The Lost Ones (A Quinn Colson Novel Book 2),B0074VTGUS
247,Georgia: A Novel of Georgia O'Keeffe,0812981863
248,"The Irregular at Magic High School, Vol. 9 (light novel): Visitor Arc, Part I",1975327144
249,V for Vendetta,140120841X
250,Love Burn: the full novel,1980760241
251,Fall From Grace: A Christian Romance Novel (Glen Ellen Series Book 1),B00U07GL3I
252,Promising a Rose (Free Novella) (Peace in the Valley),B072FLDCJ3
253,Newton and Polly: A Novel of Amazing Grace,B01CBM4582
254,The Complete Handbook of Novel Writing: Everything You Need to Know to Create & Sell Your Work,1440348391
255,Twilight: The Graphic Novel Collector's Edition (The Twilight Saga),0316217174
256,Strongest Gamer: Let's Play in Another World (Light Novel) Vol. 1,B07CGZZT1J
257,The Fallen (A Quinn Colson Novel),B01MPWT7AQ
258,The Curious Life of the Unfortunate Duchess: A Historical Regency Romance Novel,B07H1XWDYX
259,San Diego : Love Comes in Many Forms (Sky Romance Novels Book 1),B00IMMYAP4
260,"Death March to the Parallel World Rhapsody, Vol. 7 (light novel) (Death March to the Parallel World Rhapsody (light novel))",1975301552
261,Pardonable Lies: A Maisie Dobbs Novel (Maisie Dobbs Novels),0312426216
262,Origin: A Novel (Robert Langdon),0385514239
263,The Italian Party: A Novel,B075DB8XHR
264,"New Moon: The Graphic Novel, Vol. 1 (The Twilight Saga)",0316217182
265,The Garden on Sunset: A Novel of Golden-Era Hollywood (Hollywood's Garden of Allah Novels Book 1),B006NYKTNU
266,"Is It Wrong to Try to Pick Up Girls in a Dungeon?, Vol. 8 (light novel) (Is It Wrong to Pick Up Girls in a Dungeon?)",B01LWP1QCP
267,Night Passage (Jesse Stone Novels Book 1),B005F4CCYS
268,Driftwood Creek (A Sunset Bay Novel),B07639DHFH
269,"Maisie Dobbs Bundle #1, Pardonable Lies and Messenger of Truth: Books 3 and 4 (Maisie Dobbs Novels)",B004M18MAI
270,Make Me Even and I'll Never Gamble Again: A Novel,1948122057
271,Catalyst (Star Wars): A Rogue One Novel,B01J6GNK6O
272,The Communist Manifesto: A Graphic Novel,1910593494
273,Tempt Me With Forever (A NOLA Heart Novel Book 4),B0776DRSJG
274,The Historical Novel,0803279108
275,Back to Lazarus: A Sydney Brennan Novel (Sydney Brennan Mysteries Book 1),B00LP9C9JU
276,Field of Bones: A Brady Novel of Suspense (Joanna Brady Mysteries),B0756DFJZR
277,FIGHT(A Bad Boy MMA Romantic Suspense Novel),B01B8S01JW
278,"Is It Wrong to Try to Pick Up Girls in a Dungeon?, Vol. 10 (light novel) (Is It Wrong to Pick Up Girls in a Dungeon?)",B0721JYR82
279,"Is It Wrong to Try to Pick Up Girls in a Dungeon?, Vol. 4 (light novel)",B00W22IKWO
280,You: A Novel (Lifetime),B00IGVH9LI
281,Percy Jackson and the Olympians:  The Sea of Monsters: The Graphic Novel (Percy Jackson and the Olympians: The Graphic Novel Book 2),B00CJ05EBY
282,In the Belly of the Beast and Other Tales of Cthulhu Wars: A Cthulhu Wars Novel,0999539027
283,My Notorious Life: A Novel,B00A28HTKO
284,HOSTILE: A Military Romance Novel (Military Men Book 1),B018RFX3LC
285,The Labyrinth of the Spirits: A Novel (Cemetery of Forgotten Books),0062668692
286,Last Train to Istanbul: A Novel,B00BJ8YD78
287,Farm City: The Education of an Urban Farmer,0143117289
288,High Profile (Jesse Stone Novels Book 6),B000PC0S82
289,"The Irregular at Magic High School, Vol. 1 (light novel): Enrollment Arc, Part I",B0763KPNVH
290,The Book of Speculation: A Novel,B00QQ450BI
291,A Midsummer Night's Dream The Graphic Novel: Original Text (Shakespeare Range),1907127283
292,Pimp My Fiction: Write A Bestselling Novel By Learning Powerful Writing Techniques,B0190T0Z24
293,"The Charlotte and Thomas Pitt Novels Volume One: The Cater Street Hangman, Callander Square, and Paragon Walk",B07CNB8NFS
294,Anya's Ghost,1250040019
295,Welcome to Moonlight Harbor (A Moonlight Harbor Novel),B076ZRR7B2
296,The President Is Missing: A Novel,B072F3MYRH
297,"Goblin Slayer, Vol. 1 (light novel) (Goblin Slayer (Light Novel))",031650159X
298,Going Home (The Home Series Book 1),B00NP272BA
299,"Is It Wrong to Try to Pick Up Girls in a Dungeon?, Vol. 1 (light novel)",B00LZYBVJ4
300,Robert B. Parker's The Hangman's Sonnet (A Jesse Stone Novel),B01MSAN0SV
301,"No Game No Life, Vol. 7 (light novel)",0316316431
302,Holy Ghost (A Virgil Flowers Novel),0735217327
303,Free to Love: A Christian Romance Novel (Inspiration Point Series Book 1),B00RSID70C
304,Finding Cinderella: A Novella,B00FNWRSCI
305,From Ashes To Flames (A West Brothers Novel),B07CSWLP64
306,Any Way You Slice It: An Upper Crust Novella (Upper Crust Series Book 1),B00MXFOMD6
307,Beyond the Eyes: YA Paranormal Romance Novel (Book 1),B0088JF7HQ
308,The City of Ember,0375867937
309,Miss Kane's Christmas : A Novella (A Christmas Central Romantic Comedy Book 1),B009SU0NVO
310,All We Ever Wanted: A Novel,0399178929
311,Missing: A Private Novel,B01BU1IUPE
312,Complete Novels,B07H5ZZXGK
313,DC Comics novels - Batman: The Killing Joke,1785658107
314,The Innocents (A Quinn Colson Novel),B01BD1SU8S
315,The Forsaken (A Quinn Colson Novel Book 4),B00G3L11BM
316,All That She Wants: (Part 1 The Billionaire's Point of View),B00HNKVDOW
317,Lake Success: A Novel,0812997417
318,The Mystery Knight: A Graphic Novel,0345549392
319,When The Stranger Came: Suspense thriller (Novella),B00MI8LFLU
320,Hot Pursuit (A Hostile Operations Team Novel - Book 1),B00DY9FEDM
321,The Last Ballad: A Novel,B01N9PTM35
322,"The Matchmaker, a novel: Clean New Adult Contemporary Romance Fiction (The Matchmaker Project series Book 1)",B00PSM4ODY
324,Then Came You: A Bradford Sisters Novella,B06XCCMSPQ
325,And After the Fire: A Novel,B013PKGTGK
326,American Gods Volume 1: Shadows (Graphic Novel),1506703860
327,The House on Tenafly Road: A Historical Novel (The Tenafly Road Series Book 1),B01DMB3XNE
328,Outbreak Company: Volume 6,B07HNQNSHD
329,"Death March to the Parallel World Rhapsody, Vol. 4 (light novel) (Death March to the Parallel World Rhapsody (light novel))",B073P46WNY
330,Sword Art Online Progressive 5 (light novel),1975328140
331,"A Taste for Vengeance: A Bruno, Chief of Police novel (Bruno, Chief of Police Series)",B075PVQHK3
332,Cross Breed (A Novel of the Breeds),B073R1NKL6
333,Romance: The Diary - A Romance Novel: Diary of an American Dreamer Series - Book 1 (Diary of an American Dreamer Romance Young Adult Romance Historical Romance),B01EIX04S2
334,The Cost of Betrayal: Three Romantic Suspense Novellas,B07D6XP73F
335,The People We Hate at the Wedding: A Novel,B01MSLHEZI
336,Isaiah's Daughter: A Novel of Prophets and Kings,B01NBSOBYA
337,Arifureta: From Commonplace to World's Strongest (Light Novel) Vol. 3,1626928452
338,DC Essential Graphic Novels 2017 (DC Comics Essentials),B01N76Y9NL
339,"The Mortal Instruments: The Graphic Novel, Vol. 1",031646581X
340,"Death March to the Parallel World Rhapsody, Vol. 3 (light novel) (Death March to the Parallel World Rhapsody (light novel))",B06XC2W135
341,"The Novels of Madeleine L'Engle Volume One: The Other Side of the Sun, A Live Coal in the Sea, and A Winter’s Love",B07B3N7F5Z
342,MEG: The Graphic Novel,B07GDGQYQ6
343,Romance: Woodhavens Folly: A contemporary romance novel (The Alpha Billionaire Contemporary Romance Collection Book 1),B014K2TQRG
344,The Broken Places (A Quinn Colson Novel Book 3),B00AI52PAK
345,"That Time I Got Reincarnated as a Slime, Vol. 3 (light novel) (That Time I Got Reincarnated as a Slime (light novel))",1975301137
346,"That Time I Got Reincarnated as a Slime, Vol. 2 (light novel) (That Time I Got Reincarnated as a Slime (light novel))",B076GZKN22
347,"Death March to the Parallel World Rhapsody, Vol. 1 (light novel) (Death March to the Parallel World Rhapsody (light novel))",B01MD0M53B
348,Gilchrist: A Novel,B075X9K9WN
349,"Re:ZERO, Vol. 2 - light novel (Re:ZERO -Starting Life in Another World-)",0316398373
350,Need to Know: A Novel,B07257N5WW
351,She Rides Shotgun: A Novel,B00OG9IX0K
352,"Is It Wrong to Try to Pick Up Girls in a Dungeon?, Vol. 9 (light novel) (Is It Wrong to Pick Up Girls in a Dungeon?)",B06Y5DM665
353,Less (Winner of the Pulitzer Prize): A Novel,B01MSICPW3
354,"Is It Wrong to Try to Pick Up Girls in a Dungeon?, Vol. 6 (light novel)",B01922I13Y
355,"Goblin Slayer Side Story: Year One, Vol. 1 (light novel) (Goblin Slayer Side Story: Year One (light novel))",1975302842
356,Spanish Novels: Intermediate's Bundle B1 - Five Spanish Short Stories for Intermediates in a Single Book (Learn Spanish Boxset #3) (Spanish Edition),B01NCOQTZO
357,Even Cowgirls Get the Blues: A Novel,055334949X
358,Gretel: A Fairytale Retold [Novella]: A Lesbian Romance,B00DSOCGSY
360,"Elemental Origins: The Complete Series: (Water, Fire, Earth, Air, Aether, Ensemble Novel)",B07FC753G7
361,How to Write a Novel Using the Snowflake Method (Advanced Fiction Writing) (Volume 1),1500574058
362,Kristy's Great Idea: Full-Color Edition (The Baby-Sitters Club Graphix #1),0545813875
363,This Fallen Prey: A Rockton Novel (Casey Duncan Novels),B0714JB1GV
364,The Master of Ragnarok & Blesser of Einherjar: Volume 4,B07HNMB3R1
365,How a Realist Hero Rebuilt the Kingdom (Light Novel) Vol. 1,1626929076
366,Little Novels,B0082S5FAW
367,The Ranger (A Quinn Colson Novel Book 1),B004XFYWTS
368,Skin 2.0: A Cyberpunk Science Fiction Novella (The Cyborg Sectors Series Book 1),B01F344TTU
369,Legend: The Graphic Novel,0399171894
370,A Game of Thrones: The Graphic Novels Volumes 1-4,0007950306
371,Der Werwolf: The Annals of Veight Volume 2,B07HM4CYFR
372,Kilts and Kisses: A Kilts and Kisses Novella,B014GDNUDA
373,Escape Clause (A Virgil Flowers Novel),B01BD1SSA8
374,China Rich Girlfriend: A Novel (Crazy Rich Asians Trilogy),B00NRQORA8
375,"Making Comics: Storytelling Secrets of Comics, Manga and Graphic Novels",0060780940
376,Mr. Hollywood (A Celebrity Novel Book 1),B0789772V2
377,"Steve McQueen In Le Mans: Art Graphic Novel - Best Sports Illustrated Classic Cars Graphic Novel For Adults, Teens, Kids, and Young Readers (PART 1) - English Version",3952470910
378,Toradora! (Light Novel) Vol. 4,1626929890
379,Novel Starter: 50 Days of Exercises and Advice to Get Your Novel Off the Ground,1945753080
380,Burning Bright (A Peter Ash Novel),B01EH1EKDK
381,Love Me Sweet (A Bell Harbor Novel),B00LU2XVYY
382,"Twilight: The Graphic Novel, Vol. 2 (The Twilight Saga)",0316133191
383,Death in Paradise (Jesse Stone Novels Book 3),B005F4CDRO
384,Seirei Gensouki: Spirit Chronicles Volume 2,B07HNZ5SXF
385,The Magic in this Other World is Too Far Behind! Volume 7,B07HKPL9W2
386,"Konosuba: God's Blessing on This Wonderful World!, Vol. 5 (light novel): Crimson Magic Clan, Let's & Go!! (Konosuba (light novel))",B079DPRQT3
387,Pope Joan: A Novel,B002BH5HO4
388,Skin Game (A Teddy Fay Novel),0735219168
389,Ray Bradbury's Fahrenheit 451: The Authorized Adaptation,080905101X
390,"My Youth Romantic Comedy Is Wrong, As I Expected, Vol. 7 (light novel)",1975384121
391,Plot Your Author Path: A Simple Guide to Start and Finish Your First Novel,B07D24QLT1
392,Bind: An Esther Novella,B019LP42U8
393,A Las Vegas Romance: A Flight Attendant's Crazy Romance With A Billionaire. Billionaire Romance - Book 1 (A Contemporary Romance Series - Romance Novels For Women),B01M5F0YSS
394,Stone Cold (Jesse Stone Novels Book 4),B005F4ATWA
395,"To Protect & Serve: A Contemporary Christian Romance Novel (The Courage Series, Book 1)",B008391QB2
396,"Konosuba: God's Blessing on This Wonderful World!, Vol. 2 (light novel): Love, Witches & Other Delusions! (Konosuba (light novel))",B01M09XK58
397,Mary Anne Saves the Day: Full-Color Edition (The Baby-Sitters Club Graphix #3),054588621X
398,Going Home: A Novel of the Civil War,B00SLWQH10
399,"Konosuba: God's Blessing on This Wonderful World!, Vol. 7 (light novel): 110-Million Bride (Konosuba (light novel))",0316468827
400,Sweet Carolina (Charleston Harbor Novels Book 3),B079V7JCXN
401,Eternal Life: A Novel,B073VXTLJV
402,Artemis Fowl: The Graphic Novel (Artemis Fowl (Graphic Novels)),B00CJ05EBE
403,"Konosuba: God's Blessing on This Wonderful World!, Vol. 3 (light novel): You're Being Summoned,  Darkness (Konosuba (light novel))",B01NAYJ2O9
404,Infinity Gauntlet,0785156593
405,Call for the Dead: A George Smiley Novel (George Smiley Novels Book 1),B0081KYXQ8
406,Sheltered Hearts (A Hidden Hearts Novel Book 2),B01AAI5KD8
407,Amber: Free Preview — The First 25 Chapters (Chase Family Series),B01BHEIJAU
408,10 lb Penalty (A Dick Francis Novel),B001RHOJSY
409,The Graveyard Book Graphic Novel Single Volume,0062421891
410,"Death March to the Parallel World Rhapsody, Vol. 5 (light novel) (Death March to the Parallel World Rhapsody (light novel))",B076P9KCYZ
411,Secrets & Spells: 6 Fantasy Novels,B07FYTH2G4
412,The Punishment She Deserves: A Lynley Novel,B073TKJ5S8
413,The Sinners (A Quinn Colson Novel),B076NV8CQD
414,"Is It Wrong to Try to Pick Up Girls in a Dungeon?, Vol. 5 (light novel)",B0176TC08W
415,WWE Original Graphic Novel: Undertaker,1684152305
416,The Novel Art of Murder (Mystery Bookshop),1496711858
417,An Unusual Lady for the Tormented Duke: A Historical Regency Romance Novel,B07F66YD4Q
418,My Fair Duchess (A Once Upon A Rogue Novel Book 1),B00MRGW2EC
421,Wronged (The Cuvier Women Trilogy Book 1),B00AV07RAK
422,The Harlem Hellfighters,0307464970
423,A Heart Is A Home: Christmas in Texas (Sensual Contemporary Romance Novella) (Texas Lovers Series Book 2),B009NBYWAQ
424,"The Heroes of Olympus, Book Two, The Son of Neptune: The Graphic Novel",1484723031
425,Moon Rising: A Wolfland Novel: Four - Book Part Vampire and Wolf series. (The Wolfland Saga),B06VVJH2BP
426,The Odyssey,0763642681
427,Day of the Dead (A Frieda Klein Novel),B072JT5Y8J
428,Walkaway: A Novel,B01FQQ47OC
429,Toradora! (Light Novel) Vol. 1,1626927952
430,A Game of Thrones: The Graphic Novel: Volume Two,B00CWEQ62S
431,In Farleigh Field: A Novel of World War II,B01HBKAYMA
432,"Spice and Wolf, Vol. 1 - light novel",0759531048
433,Boardwalk Summer: A Novel,B071ZYXBGJ
434,Clockwork Lives: The Graphic Novel,1683833775
435,Der Werwolf: The Annals of Veight Volume 1,B07FQMDDV3
436,Second Chances: (Southern Comfort Series Book 1) A Romance Novel,B015YEH900
437,The Lost for Words Bookshop: A Novel,B077XGC355
439,The Short Novels of John Steinbeck: (Penguin Classics Deluxe Edition),B002L4EX9C
440,The Cold Trail (The Sean Kruger Series Book 4),B07DTJN5X2
441,The Sellout: A Novel,B00MLN1TT0
442,Bram Stoker's Dracula (Graphic Novel),1684053153
443,Frozen Prospects: A YA Epic Fantasy Novel (Volume 1 of the Guadel Chronicles Books),B004I8WPTY
444,The Saturday Evening Girls Club: A Novel,1503943275
445,Wonder - Teacher Guide by Novel Units,156137976X
446,Watcher in the Woods: A Rockton Novel (Casey Duncan Novels),1250159911
447,Romeo and Juliet The Graphic Novel: Quick Text,1906332630
448,"Goblin Slayer, Vol. 5 (light novel) (Goblin Slayer (Light Novel))",1975326482
449,[Free] Harlequin Comics Best Selection Vol. 016,B01IT9Q2VE
450,A Novel Journal: Jane Eyre (Novel Journals),1626863407
451,Daddy's Demands: Twenty-Five Steamy Daddy Dom Romance Novellas,B07G86Y2DG
452,The Ancient Magus' Bride: The Silver Yarn (Light Novel) 2 (The Ancient Magus' Bride (Light Novel)),1642750018
453,Tracks of Her Tears [Kindle in Motion] (Rogue Winter Novella Book 1),B00YG3S9W8
454,The Hedge Knight: The Graphic Novel (Game of Thrones),1477849106
457,Mary Queen of Scotland and The Isles: A Novel,B00I1W5HOI
458,Sweet Magnolia (Charleston Harbor Novels Book 2),B077RJP3CN
459,"Rokka: Braves of the Six Flowers, Vol. 5 (light novel) (Rokka: Braves of the Six Flowers (Light Novel))",0316556238
460,Lady of Devices: A steampunk adventure novel (Magnificent Devices Book 1),B0053CYXS0
461,Trapped: A Snowverse Novella (Freya Snow Book 0),B01IE1B5QO
462,Dream of Danger (A Brown and De Luca Novel),B00FHKS1KO
463,The Novel Cure: From Abandonment to Zestlessness: 751 Books to Cure What Ails You,0143125931
464,The Lamplighter's Love,B00QR1KAVK
465,Greatest Enemy: An Action Thriller Novel (David Rivers Book 1),B01N2NLNH5
466,Melville's Short Novels (Norton Critical Editions),0393976416
467,A Simple Favor: A Novel,B01ER6LIZI
468,Split Image (Jesse Stone Novels Book 9),B002VUFKFM
469,Wonder - Student Packet by Novel Units,1608786714
470,A Prayer for Owen Meany: A Novel,0062204092
471,Sutherland's Secret: A Highland Pride Novel,B00WPQKBOM
472,The Summer I Dared: A Novel,B000FC1MHI
473,How to Write a Damn Good Novel: A Step-by-Step No Nonsense Guide to Dramatic Storytelling,0312010443
474,"The Irregular at Magic High School, Vol. 4 (light novel): Nine School Competition Arc, Part II",B0763KJM2J
475,"Anne Boleyn, A King's Obsession: A Novel (Six Tudor Queens)",B01L5Q1YSO
476,"Dark Sentinel (Carpathian Novel, A)",0451490088
477,"Is It Wrong to Try to Pick Up Girls in a Dungeon?, Vol. 7 (light novel) (Is It Wrong to Pick Up Girls in a Dungeon?)",B01DSTTQX6
478,French Exit: A Novel,0062846922
480,Lilac Girls: A Novel,B011G3HI9U
481,"Macbeth: The Graphic Novel (American English, Original Text Edition) (Classical Comics)",1906332444
482,Boogiepop Omnibus Vol. 1-3 (Light Novel),1626929173
483,"Writing and Selling Your Mystery Novel Revised and Expanded Edition: The Complete Guide to Mystery, Suspense, and Crime",B01NCSX9DV
484,The Sky-Blue Wolves (A Novel of the Change),0451490681
485,A Game of Thrones: The Graphic Novel: Volume Three,0440423236
486,Power of Love (The Armstrongs Book 1),B00T7XXSR8
487,Voices: A Novel of the End Times,B017UJN8CA
488,Macbeth: A Novel,B0058FJLN4
489,Chasing Tara: Chasing Bullets novella 1,B07GX8ZRSR
490,"The Irregular at Magic High School, Vol. 7 (light novel): Yokohama Disturbance Arc, Part II",B077D5JSW7
491,The Retreat: A clean and sweet romance novella,B07142Z9P6
492,[Free] Harlequin Comics Artist Selection Vol. 5,B01JOT9FV2
493,World War Two: Against The Rising Sun (Campfire Graphic Novels),9381182051
494,How a Realist Hero Rebuilt the Kingdom: Volume 3,B072LXZZBZ
495,The House of Impossible Beauties: A Novel,0062676970
496,Sister of Mine: A Novel,B01983NGMS
497,Classroom of the Elite (Light Novel) Vol. 1,1642751375
498,The Glass Palace: A Novel,B000QCSAOA
499,"Edward St Aubyn Patrick Melrose Novels 5 Books Collection Pack Set RRP: Â£39.95 (Mothers Milk, Never Mind, Bad News, At Last, Some Hope)",B00AU1AFWW
500,"Goblin Slayer, Vol. 2 (light novel) (Goblin Slayer (Light Novel))",B01LXO78QZ
501,Big Sky Blue Novella (Shades of Blue Book 1),B00DRGTMZS
502,Anatomy of a Scandal: A Novel,B06ZZ1YD8M
504,Long Way Home (A Mangrove Island Novel Book 1),B00OOZ2O7E
505,Portrait of Love: A Historical Regency Clean Sweet Romance Novel,B07G9P1DJW
506,"The Chief Inspector Gamache Series, Books 7-9 (Chief Inspector Gamache Novel)",B00UFO4VMY
507,Alaskan Holiday: A Novel,0399181288
508,The Hamilton Affair: A Novel,1628728558
509,Shadow Play: A Tracker Novel (Others Book 1),B00AB4914Q
510,DC Comics novels - Batman: The Court of Owls,1785658166
511,Love at First Bark (Free Short Story): A Novella for Dog Lovers (Love Unleashed),B06Y4KSHLV
512,The Novel Habits of Happiness (Isabel Dalhousie Mysteries Book 10),B00OWWC26M
513,"The Saga of Tanya the Evil, Vol. 4 (light novel): Dabit Deus His Quoque Finem",0316560626
514,Pastels and Jingle Bells (Heavenly Bites Novella #1) (Heavenly Bites Novellas),B00GCVZEG6
515,"On Her Father's Grave (Rogue River Novella, Book 1) (Kindle Single)",B00LNN17M8
516,"The Saga of Jedediah Beech: Early Frontier Life: A Western Adventure From The Author ""The Trail of Independence"" (The Western Adventures of Jedediah Beech Book 1)",B07F1FTGNS
517,I Think I Love You: An Oxford Novel,B076NVFTQ4
518,A Kingdom's Cost: A Historical Novel of Scotland (The Black Douglas Trilogy Book 1),B01DWTHKFI
519,Let the Right One In: A Novel,B00I1W23IG
520,The Earl's Unsuitable Bride: A Sweet & Clean Historical Romance (The Chase Brides Book 1),B018496LH4
521,A Sharp Solitude: A Novel of Suspense (Glacier Mystery Series Book 4),B075RRR3LL
522,The Truth About Stacey: Full-Color Edition (The Baby-Sitters Club Graphix #2),0545813891
523,Lord of Souls: An Elder Scrolls Novel,B004KPM130
524,"Shorter Novels, Eighteenth Century The History of Rasselas, Prince of Abyssinia; The Castle of Otranto, a Gothic Story; Vathek, an Arabian Tale",B004UJBWA4
525,A Most Novel Revenge: An Amory Ames Mystery,B01D8FKWNI
526,The Seventh Sister (A Parched Novel): A Vampire Romance,B005GMUU8O
527,"The Golden Compass Graphic Novel, Complete Edition (His Dark Materials)",055353517X
528,"Southern Belles, A Novel about Love, Purpose & Second Chances",B00LBC2OW8
529,No One Can Pronounce My Name: A Novel,B01LM0KZN8
530,Countdown to Infinite Crisis #1,B014M72DLU
531,The Vatican Princess: A Novel of Lucrezia Borgia,B00XSSMKC2
532,First Comes Love: A Novel,B014NZ4SXW
533,A Game of Thrones: The Graphic Novel: Volume Four,B00PT01FK0
534,Dark Heirloom: A Vampire Urban Fantasy (An Ema Marx Novel Book 1),B011JZ5OFK
535,"W.I.T.C.H.: The Graphic Novel, Part IV. Trial of the Oracle, Vol. 1",0316477117
536,Romeo and Juliet (No Fear Shakespeare Graphic Novels) (No Fear Shakespeare Illustrated),1411498747
537,Atlas of Novel Tectonics,1568985541
538,Rush: A Novel,1250020662
539,Inside Out Junior Novel (Disney Junior Novel (ebook)),B00WLDUVIK
540,"Walking on Her Grave (Rogue River Novella, Book 4)",B00MPTAG2Q
541,Chemistry: A novel,B01M0KOP1P
542,This Year You Write Your Novel,B000S1LVLI
543,Lora Leigh: The Breeds Novels 1-6 (A Novel of the Breeds),B007P7ESTU
544,Sword Art Online 14 (light novel): Alicization Uniting,0316390488
545,Fight Club 2 (Graphic Novel),1616559454
546,The Scorekeeper: A Suspense Thriller (A Reed & Billie Novel Book 6),B07BMMX2WL
547,Shoot First (A Stone Barrington Novel),B074667S5M
548,Neighbors (A Twin Estates Novel Book 1),B01M1J6M9Z
549,Asymmetry: A Novel,B074ZDRGBC
550,Bone on Bone: A Bell Elkins Novel (Bell Elkins Novels),B079DV27BB
551,The Ghost Script: A Graphic Novel,1631493132
552,"Konosuba: God's Blessing on This Wonderful World!, Vol. 4 (light novel): You Good-for-Nothing Quartet (Konosuba (light novel))",B071X3YLF7
553,The Forgotten Painting: A Historical Mystery Novella,B01LY0K5RX
554,Last Shot (Star Wars): A Han and Lando Novel,B079KSMJHG
555,"No Game No Life, Vol. 4 - light novel",0316385212
556,World War One: 1914-1918 (Campfire Graphic Novels),9380741855
557,"My Youth Romantic Comedy Is Wrong as I Expected, Vol. 1 - light novel",0316312290
558,Princess: A Private Novel,B079L5BPZ7
559,Outlining Your Novel Box Set: How to Write Your Best Book (Helping Writers Become Authors),B01BPHF99I
560,Hulk: Planet Hulk (Incredible Hulk (1999-2007)),B00AAJR0GI
561,"The Lyra Novels: Shadow Magic, Daughter of Witches, The Harp of Imach Thyssel, Caught in Crystal, and The Raven Ring",B0092G1BOC
562,Lincoln in the Bardo: A Novel,0812985400
564,Z: A Novel of Zelda Fitzgerald,1250028663
565,Tear (A Seaside Novel Book 1),B00AB85R54
566,Beyond the Wild River: A Novel,B01HMXRZEG
567,National Novel Writing Month's Young Novelist Work Book - Elementary School,1530144663
568,Vampires Like It Hot: An Argeneau Novel,0062855166
569,"Rough Ride (The Roughnecks, 1)",B00HX7EV6W
570,I Saved Too Many Girls and Caused the Apocalypse: Volume 10,B07GVTBH6B
571,"Is It Wrong to Try to Pick Up Girls in a Dungeon? On the Side: Sword Oratoria, Vol. 7 (light novel)",1975302869
572,Sea Change (Jesse Stone Novels Book 5),B000PDYW0Q
573,The Wedding Guest: An Alex Delaware Novel,052561849X
574,"Disney Moby Dick, starring Donald Duck (Graphic Novel)",150671157X
577,Moby Dick: The Graphic Novel (Campfire Graphic Novels),9380028229
578,"No Game No Life, Vol. 1 - light novel",0316383112
579,A Taste of Traditional Regency Romances: Extended excerpts of Regency novels (Bluestocking League Book 1),B0189X4IWU
580,Kiss the Frog: A Princes of Danislova Novel,B00QZCYEX6
581,"Revenge of the Zombie Monks: An Unofficial Graphic Novel for Minecrafters, #2",1510707271
582,Aspects of the Novel,B07H14KH55
583,Timeless: A Drizzt Novel (Forgotten Realms: Drizzt),B0756F453K
584,"Is It Wrong to Try to Pick Up Girls in a Dungeon?, Vol. 3 (light novel)",B00QQQL7XG
585,Siren's Lure: An Aermian Feuds Novel,B07DMW8WTV
586,The Alice Network: A Novel,B01LZFL63S
587,The One & Only: A Novel,B00F1W0DF4
588,Spanish Novels: Upper Intermediate's Bundle B2 - Five Spanish Short Stories for Upper Intermediates in a Single Book (Learn Spanish Boxset #4) (Spanish Edition),B01NALJZO2
589,The Lawyer's Luck: A Home to Milford College prequel novella,B00LBIKE38
590,Blackbird: A Novel,B06XC7RVBV
591,Excalibur: A Novel of Arthur (The Warlord Chronicles Book 3),B006WOVIWW
592,Christmas at Hope Cottage: A magical feel good romance novel,B074VCJZS1
593,Wool: The Graphic Novel,B00DL6CY4K
594,"The Irregular at Magic High School, Vol. 8 (light novel): Reminiscence Arc",B077RWRFRV
595,Pieces of Her: A Novel,B074DTKCR3
596,Sword Art Online 13 (light novel): Alicization Dividing,0316390461
597,"Tuesday's Gone: A Frieda Klein Novel, Book 2",B00BMBA5XI
598,Taiko: An Epic Novel of War and Glory in Feudal Japan,1568364288
599,No Strings Attached Book 1: Contemporary Steamy Romance Duology,B019GGANXM
600,Steven Universe Original Graphic Novel: Camp Pining Play,1684153409
601,The Wife Between Us: A Novel,B072V27QMZ
602,Red Square: A Novel,B006F1YNZ6
603,Arifureta: From Commonplace to World's Strongest (Light Novel) Vol. 4,1626929491
604,Mademoiselle Chanel: A Novel,B00L7X6YV8
605,Wendell Berry: Port William Novels & Stories: The Civil War to World War II (LOA #302): Nathan Coulter / Andy Catlett: Early Travels / A World Lost / ... (Library of America Wendell Berry Edition),1598535544
606,"Three Novels: Molloy, Malone Dies, The Unnamable",0802144470
607,The Architect of Revenge: A September 11th Novel,B00NUT5NGO
608,The Cruiser: A Dan Lenson Novel (Dan Lenson Novels Book 14),B00IW3MR6C
609,Clock Dance: A novel,0525521224
610,Always,B003SHDM7A
613,The Enfield Horror (Novella Sized Preview Book 1),B017NDOW32
614,Madeleine L'Engle: The Kairos Novels: The Wrinkle in Time and Polly O'Keefe  Quartets: A Library of America Boxed Set,1598535773
615,"A Most Unlikely Hero, Vol. 4: A Sci-Fi Harem Light Novel",B07GDVLS6Q
616,Dragon Shadow: A New Adult Fantasy Novel (Reclaiming the Fire Book 1),B075BNJVKD
617,"Goblin Slayer, Vol. 3 (light novel) (Goblin Slayer (Light Novel))",0316553239
618,[Free] Harlequin Comics Best Selection Vol. 012,B01425XARI
619,An Absolutely Remarkable Thing: A Novel,1524743445
620,Descendants Junior Novel (Disney Junior Novel (ebook)),B010GO6JD6
621,A Banquet of Consequences: A Lynley Novel (Inspector Lynley Book 19),B00L9B7CGE
622,Little Red Riding Crop: An Erotic Novella (The Original Sinners),B01BW8WLZK
625,The Trouble With Goodbye (Fairhope Series Book 1),B00CWF1HWG
626,Sword Art Online 8 - light novel,0316390410
627,Monster Girl Doctor (Light Novel) Vol. 1,B0786Y7LFP
628,A Covert Affair: A SEAL Romance Novel,B079M424B4
629,Teenage Mutant Ninja Turtles: The Ultimate Collection Volume 3 (Teenage Mutant Ninja Turtles Graphic Novels),161377138X
630,Happiness: A Novel,B074HFMPSB
631,How to Write a Swoon-Worthy Sweet Romance Novel,1987434781
632,A Darkness Absolute: A Rockton Novel (Casey Duncan Novels),B01IA6FMKI
633,Neon Prey (A Prey Novel),0525536582
634,Sword Art Online 1:  Aincrad (light novel),B06XNJW99V
635,Robert B. Parker's Killing the Blues (Jesse Stone Novels Book 10),B0054TVWIG
636,Quest for the Golden Apple: An Unofficial Graphic Novel for Minecrafters,1510704108
637,Ursula K. Le Guin: Hainish Novels and Stories Vol. 1 (LOA #296): Rocannon's World / Planet of Exile / City of Illusions / The Left Hand of  Darkness / ... of America Ursula K. Le Guin Edition),1598535382
638,Sword Art Online 10 - light novel,0316390437
639,Forged in Ash (A Red-Hot SEALs Novel Book 2),B008H5VX9M
640,"They May Not Mean To, But They Do: A Novel",B01828WGCQ
641,"The Deluge, Vol. I. (of 2) An Historical Novel of Poland, Sweden, and Russia.",B005JEE7T2
642,The Wrong Side of Goodbye (A Harry Bosch Novel Book 19),B01BU1ITMI
643,Another Side of Paradise: A Novel,B072VFYT3Z
644,The Money Shot (A Teddy Fay Novel),0735218595
645,Delivering Yaehala: An Epic Fantasy Novella,B006OOHK4U
646,"The Irregular at Magic High School, Vol. 2 (light novel): Enrollment Arc, Part II",B0763LF7GT
648,Horrorstor: A Novel,1594745269
649,Time's Enemy: A Romantic Time Travel Adventure (Saturn Society Book 1),B005GVDMKS
650,emeth: Island of Golems (Light Novel),B07H5FYNFT
651,His Virgin: A First Time Romance (His and Hers Book 1),B0711GQY2Q
652,"Druid Enforcer: A New Adult Urban Fantasy Novel (The Colin McCool Paranormal Suspense Series, Book 6)",B07HMFLSP1
653,The Runaway Wife: A laugh out loud feel good novel about second chances,1786813556
654,Arifureta: From Commonplace to World's Strongest Volume 5,B078PM8WGZ
655,BONE: Full Color One Volume Edition,1888963271
656,Writing the Novel from Plot to Print to Pixel: Expanded and Updated!,B01COPWSBC
657,Novel Women,B07DFFWR17
658,Disney Zootopia: Family Night (Younger Readers Graphic Novel),1506710530
661,Joe Hill: The Graphic Novel Collection,1631407686
662,Battle Royale: Remastered (Battle Royale (Novel)),1421565986
663,Close to the Bone (Widow's Island Novella Book 1),B07F1442NX
664,The George Smiley Novels 8-Volume Boxed Set,1524705977
665,Perfectly Shattered: New Adult Romance (Sexy & Dangerous Book 1),B00JRJXGWO
666,Beowulf: The Graphic Novel,1905692250
667,Sword Art Online 12 (light novel): Alicization Rising,B0719HS758
668,Putney: A Novel,B076H2BVPS
669,Harvest Season: a novel (Book 2),B072C8QNJR
670,CIRCE (#1 New York Times bestseller),B074M5TLLJ
671,"The Irregular at Magic High School, Vol. 5 (light novel): Summer Vacation Arc +1",B0763KKLJS
672,Hot Winter Nights: A Heartbreaker Bay Novel,B075JDXZ68
673,The Marco Effect: A Department Q Novel (Department Q Series Book 5),B00INIXS96
675,[FREE] Harlequin comics 2016. September New Titles vol.2,B01LC92QO0
676,"My Youth Romantic Comedy Is Wrong, As I Expected, Vol. 3 - light novel",031631806X
677,Fio: An O'Brien Novella (A Spin-off Novella of The O'Brien Tales Book 1),B071D4W88Q
678,From Ice To Flames (A West Brothers Novel),B07H6N8YNX
679,Feared: A Rosato & DiNunzio Novel,1250099595
680,Ghosted: A Novel,0525522778
681,Steel's Edge (A Novel of the Edge Book 4),B008JHXPVW
682,The Whip: a novel inspired by the story of Charley Parkhurst,1601823029
684,Toradora! (Light Novel) Vol. 2,B07F1XZJ2B
685,The Broken Chase: A Chase Fulton Novel (Chase Fulton Novels Book 2),B07FSTGLB9
686,Dead Silence (A Doc Ford Novel Book 16),B001SK4K84
687,Count to Ten: A Private Novel,B06XFWDLGR
688,Ride With Me (A Quaking Heart Novel Book 1),B00HAPB6HE
689,A Place for Us: A Novel,1524763551
690,Thomas Kinkade's Cape Light: Christmas Blessings (A Cape Light Novel),0451489179
691,World War Two: Under the Shadow of the Swastika (Campfire Graphic Novels),9381182140
692,Sourdough: A Novel,B06XC41K6G
693,Convincing the Cougar: A Cascade Shifters Prequel Novella,B00JAQG6X0
694,Blood of Victory: A Novel (Night Soldiers Book 7),B000FC1GYW
695,Auraria: A Novel,B008AM5KGE
696,Black Beauty: The Graphic Novel,014240408X
697,The Looking Glass War: A George Smiley Novel (George Smiley Novels Book 4),B008EXK0TG
698,THE TAKEOVER: A SONS BETRAYAL (THE TAKEOVER: A NOVELLA Book 1),B01KYNXXWY
699,The Christmas Eve Letter: A Time Travel Novel,B01KJF0CWG
700,The Animators: A Novel,B01EQ2S2ZM
701,Valor (A Greystone Novel Book 1),B0055OPM4U
702,Starport (Graphic Novel),1101965045
703,"The Eye of the World: The Graphic Novel, Volume One (Wheel of Time Other)",0765335417
704,"Is It Wrong to Try to Pick Up Girls in a Dungeon?, Vol. 13 (light novel) (Is It Wrong to Pick Up Girls in a Dungeon?)",1975328191
705,The Scottish Prisoner: A Novel (Lord John Grey Book 4),B005723K2Q
706,The Christmas Star: A Novel (Christmas Hope),1250163900
708,Polar Star: A Novel (Arkady Renko Series Book 2),B0067AHRGW
709,The Exile: An Outlander Graphic Novel,B00CD4RPWM
710,Just One Evil Act: A Lynley Novel (Inspector Lynley Book 18),B00C5R7H8O
711,Slingshot: A Will Cochrane Novel (Spycatcher Novels Book 3),B009NQZLCO
712,Homegoing: A novel,B015VACH4U
713,Champion: The Graphic Novel (Legend),0451534344
714,Alternate Side: A Novel,B076YZ274Y
715,"The Irregular at Magic High School, Vol. 11 (light novel)",1975327187
716,"Is It Wrong to Try to Pick Up Girls in a Dungeon?, Vol. 2 - light novel (Is It Wrong to Pick Up Girls in a Dungeon?)",0316340146
717,"Novels, Tales, Journeys: The Complete Prose of Alexander Pushkin",B01CBLM8FA
718,"Thomas Hardy: The Complete Novels - Far From The Madding Crowd, The Return of the Native, The Mayor of Casterbridge, Tess of the d'Urbervilles, Jude the Obscure and much more..",B07HK92P2J
719,"Re:ZERO -Starting Life in Another World-, Vol. 6 (light novel)",B074M5ZR4Y
720,Caught by her Boss: A Short Novella (His BBW to Hold Book 1),B00LKC06CE
721,Billionaire Seeking Bride #1 (BBW Alpha Billionaire Romance),B01831SNI8
722,"The Irregular at Magic High School, Vol. 3 (light novel): Nine School Competition Arc, Part I",B0763L8Y9H
723,Lazy Dungeon Master: Volume 2,B07GN8WB2F
724,The Highlander's Secret Maiden: A Scottish Historical Romance Novel,B07GTY36VP
725,"Assignment Bletchley: A WWII Novel of Navy Intelligence, Spies and Intrigue (Commander Romella, USN, WWII Assignments series Book 1)",B06XXYCFDJ
726,Smooth Operator (A Teddy Fay Novel),B01BD1SV5K
727,The Obscure Duchess of Godwin Hall: A Historical Regency Romance Novel,B07GD8KPYF
728,Pierce Brown’s Red Rising: Sons of Ares – An Original Graphic Novel,1524104922
729,Desolation Mountain: A Novel (Cork O'Connor Mystery Series Book 17),B075RVQB23
730,Where Wind Meets Wave (A Prairie Hearts Novel Book 6),B01LQMZRY4
733,Mary B: A Novel: An Untold Story of Pride and Prejudice,B076Z12VYV
734,"The Final Formula: An Urban Fantasy Novel (The Final Formula Series, Book 1)",B00FH7I7CO
735,"No Game No Life, Vol. 5 - light novel",0316385239
736,Hidden (A Bone Secrets Novel Book 1),B007BSFWIY
737,Sword Art Online 9 - light novel,0316390429
738,Robert Louis Stevenson: Seven Novels (Leather-bound Classics),160710315X
739,My Dark Decline: One woman's journey from oblivion to recovery (Sophie Brown novella Book 0),B07CKDZLYM
740,Didn't I Say to Make My Abilities Average in the Next Life?! (Light Novel) Vol. 3,1626929610
741,The Throne of Fire: The Graphic Novel (The Kane Chronicles Book 2) (Kane Chronicles Graphic Novels),0141366583
742,"The Novels of Beryl Bainbridge Volume One: An Awfully Big Adventure, The Birthday Boys, and Master Georgie",B07CMJKX61
743,The Greater Fool: A Novel,B0778WQF4Z
744,Ethan: Prequel Novella (Brightest Kind of Darkness Book 0),B00B0FJBQI
745,68: A Novel,0692185372
746,If I Believe (A Promises of God Novel) (Volume 2),1946336017
747,"Between the Plums: Visions of Sugar Plums, Plum Lovin', and Plum lucky (A Between the Numbers Novel)",B004C43GN8
748,Sword Art Online 11 (light novel): Alicization Turning,0316390445
749,Perfectly Charming (A Morning Glory Novel Book 2),B019XX9HWQ
750,The Fall River Family Saga: A Western Historical Action/Romance Novel (Fall River Saga Book 1),B00YFEYISW
751,Last Heartbreak (A Nolan Brothers Novel Book 5),B07FDF376D
752,The Lost Vintage: A Novel,0062845780
753,Happily Ever After: Companion to the Selection Series (The Selection Novella),B00S5998ZQ
754,Truth Be Told (Rogue Justice Novella Book 2),B073ZDRQQN
760,[Free] Harlequin Comics Author Selection Vol. 2,B01JOT9CD8
761,Sword Art Online Progressive 1 (light novel),B06XZKB6XR
762,Silent Night: A Novel,0399179380
763,Justice,1401235263
764,Watcher (The Shining Ones Book 1),B0076D0ZAY
765,The Summer House: A gorgeous feel good romance that will have you hooked,B06Y2GQZT2
766,"No Game No Life, Vol. 6 (light novel)",B017I270X2
767,"The Irregular at Magic High School, Vol. 3 - light novel",0316390305
768,Onyx (A Lux Novel Book 2),B00K48GVTM
769,Innocent Traitor: A Novel of Lady Jane Grey,B000OI0GBQ
770,Saving Parker (A Forever Home Novel) (Volume 3),0997983728
771,"Blind Salvage (A Rylee Adamson Novel, Book 5)",B00FL0E10E
772,A Royal Chef: A Sweet Romance Novella (A Santa Rosa Royal Romance Book 1),B07FRZN7N2
773,Ceremony: A Spenser Novel,B002LTZYM2
774,Superman Sampler 2013,B00BUWLV4G
775,My Kind of Forever (A Trillium Bay Novel),1721333320
776,Beautiful: A girl's trip through the looking glass,B00J4N2IZY
777,Fate's Edge (A Novel of the Edge Book 3),B0052RDIC8
778,Journey to Water's Heart: An Epic Fantasy Novel,B07GFN2GYL
779,The Monster Novel Structure Workbook: How to Plot Without Getting Stuck,B07GL38N25
780,Mabe's Burden: A Love and Loyalty Romance Novel (Saving Shenanigans (A Trilogy Romance Series) Book 1),B00H1UXFWC
781,Break You (A Coldcreek Novel Book 1),B00GHRYGK0
782,Jane Austen: Seven Novels (143515813X),143515813X
783,The Skeptics' Guide to the Universe: How to Know What's Really Real in a World Increasingly Full of Fake,1538760533
784,Silent Hearts: A Novel,B075RSZBDT
785,The Martian: A Novel,B00EMXBDMA
786,Night and Day (Jesse Stone Novels Book 8),B001QNVPAE
787,Leave the Grave Green: A Duncan Kincaid/gemma James Crime Novel (Duncan Kincaid / Gemma James Book 3),B003VPWXGU
788,To Be His (Beauty and the Brit),B011SPAJ42
789,Marvel 1602,0785141340
790,The Woman Left Behind: A Novel,B06X8YWG6J
793,Those We Left Behind (The Belfast Novels),B00RKX3552
794,Ginny Moon: A Novel,0778330885
795,"So I'm a Spider, So What?, Vol. 5 (light novel) (So I'm a Spider, So What? (light novel))",1975301943
796,Hilda and the Troll: Book 1 (Hildafolk),1909263788
797,"Goblin Slayer, Vol. 4 (light novel) (Goblin Slayer (Light Novel))",0316411884
798,Sword Art Online 7: Mother's Rosary - light novel,0316390402
799,The Atomic City Girls: A Novel,B0727TN8KQ
800,Arifureta: From Commonplace to World's Strongest (Light Novel) Vol. 2,1626927804
801,Out of Season: A Novel (Rocco Schiavone Mysteries),0062696491
802,Sherlock Holmes: The Novels: (Penguin Classics Deluxe Edition),0143107135
803,"The Irregular at Magic High School, Vol. 6 (light novel): Yokohama Disturbance Arc, Part I",B0763L169J
804,The Revenant: A Novel of Revenge,B00M65OFY4
805,Gnomon: A novel,B071R1GVX2
806,James Baldwin: Later Novels (LOA #272): Tell Me How Long the Train's Been Gone / If Beale Street Could Talk / Just Above  My Head (Library of America James Baldwin Edition),1598534548
807,DC Comics novels - Harley Quinn: Mad Love,1785658131
808,A-List F*ck Club: The Novel,B071GPL1K9
809,Demolition Angel: A Novel,B002IPZE92
810,The Isle of the Lost: The Graphic Novel (The Descendants),1368039812
811,ROLLING THUNDER: An Historical Novel of War and Politics (Wings of War Book 1),B0019LNUVA
812,Forbidden Call (New Breed Novels Book 1),B00CI9KLFA
813,All That Charm: (A Morning Glory Novel Book 3),B01N6XSV12
814,[Free] Harlequin Comics Best Selection Vol. 74,B01N6NMU6V
817,X: A Novel,0763690929
818,An Irish Country Cottage: An Irish Country Novel (Irish Country Books),0765396815
819,"Log Horizon, Vol. 2: The Knights of Camelot - light novel",0316263818
820,"Reborn as a Vending Machine, I Now Wander the Dungeon, Vol. 1 (light novel)",B0763LLK22
821,Second Time Sweeter: A Blessings Novel,B072VFDQTN
822,If You're With Me (A Promises of God Novella),B078J4BGF8
823,Trouble in Paradise (Jesse Stone Novels Book 2),B005F4AUZ6
824,"Chasing Herobrine: An Unofficial Graphic Novel for Minecrafters, #5",B01N2Z81GP
825,The Red Pyramid: The Graphic Novel (Kane Chronicles),1423150694
826,Meta (The Meta Superhero Novel Series Book 1),B00GCICW6O
827,Capture (Sgt. Dunn Novels Book 5),B01FEJI2A6
828,Olive A Novel,B0082POCOK
829,Undenied: A Novella (The Amoveo Legend Book 0),B009CWWFB4
830,How to Live Safely in a Science Fictional Universe: A Novel,0307739457
832,Mangled Hearts (Scarred Hearts Book 1),B00DW6NSOO
833,"W.I.T.C.H.: The Graphic Novel, Part I. The Twelve Portals, Vol. 1",0316476927
834,Indecent: A Novel,B074T193HW
835,Keep the Home Fires Burning: The Complete Novel,1785763601
836,"Sing, Unburied, Sing: A Novel",1501126075
837,The Bone Orchard: A Novel (Mike Bowditch Mysteries Book 5),B00HP1I78E
838,Stormy Persuasion: A Malory Novel (Malory-Anderson Family Book 11),B00GEEB8FC
840,Hollow City,0316306797
841,The Incendiaries: A Novel,0735213895
842,"Disney Treasure Island, starring Mickey Mouse (Graphic Novel)",1506711588
843,Clockwork Planet: Volume 4,B07HL7RX3X
844,Forget You Not: A Reclusive Novel,B075Y322T8
845,The Winter Palace: A Novel of Catherine the Great,B004J4X7HG
846,Luther and Katharina: A Novel of Love and Rebellion,B00S3RK822
847,Devil's Mistress: A Novel,B006V3E2KY
849,All the Rivers: A Novel,B01I85RNPI
850,Jules Verne: Seven Novels (Leatherbound Classics) (Leatherbound Classic Collection) (6/19/11),143512295X
851,Massacre Pond: A Novel (Mike Bowditch Mysteries Book 4),B009LRWV82
852,Sword Art Online 4: Fairy Dance (light novel),B06XK4NH17
853,A Spark of Light: A Novel,0345544986
854,The Masterpiece: A Novel,1524742953
855,She Would Be King: A Novel,1555978177
856,The Uncalled A Novel,B004TQ9EJY
857,Dreams of Gold: A Christian Romance Novel (The Colorado Springs Series Book 1),B018TEKPXK
858,Kokoro Connect: Kizu Random,B07HKNBK2L
859,Night Film: A Novel,B00CP6UNWC
860,Barbarossa; An Historical Novel of the XII Century.,B004TPPCQE
861,The War Nurses: A gripping historical novel of love and sacrifice (The War Nurses Series),B0798VYR98
862,Lost Fortune (The Unbridled  Series Book 1),B01M303I8V
865,Triple: A Novel,B00PHV81V2
866,Sword Art Online 6: Phantom Bullet - light novel,0316296457
867,The Pisces: A Novel,B074LVLHF2
868,"The Empty Box and Zeroth Maria, Vol. 1 (light novel)",031656110X
869,The Last Kids on Earth,0670016616
870,Dear Santa: A Novel,1250185173
871,"Is It Wrong to Try to Pick Up Girls in a Dungeon? On the Side: Sword Oratoria, Vol. 1 (light novel)",B01DSTTSHU
872,"Cool Heat: A Marco Cruz Novel (The Cool Series, Mystery, Action, Thriller Book 1)",B00DX38S3C
873,Spider-Man: Birth of Venom,0785124985
874,The Marshall Plan for Novel Writing,1582970629
875,Anatomy of a Miracle: A Novel*,B01MYYPX1E
876,Happy Birthday: A Novel (Random House Large Print),0739378252
877,The Bride and the Brute,B006LSTJGQ
878,Writing a Romance Novel For Dummies,0764525549
879,The Romanov Empress: A Novel of Tsarina Maria Feodorovna,B076GQKBCD
880,Amsterdam: A Novel,B003DYGNQ0
881,Walking In The Shadow Of Death : A Whiskey Tango Foxtrot Novel: Book 4,B00K1PDRIQ
882,Hell Bay: A Barker & Llewelyn Novel,B01DSWBKOQ
883,Wisp of a Thing: A Novel of the Tufa (Tufa Novels Book 2),B00BQMJYCQ
884,The Little Old Lady Behaving Badly: A Novel (League of Pensioners),B0739YW491
885,The Broke Billionaire: A sweet billionaire romance novella (The Broke Billionaires Club Book 1),B079C24K4Q
886,The Churn: An Expanse Novella (The Expanse),B00I82884W
888,Evidence: An Alex Delaware Novel,B002MUAFXI
889,Upstate: A Novel,B077FL2CSN
890,Lighthouse Beach: A Novel,B0719PCC87
891,Dark Tower Omnibus,0785155414
892,"His Love Leaves Me Battered, Broken & Bruised: A Domestic Violence Novel",B07H7RGYY1
893,"The Ender Eye Prophecy: An Unofficial Graphic Novel for Minecrafters, #3",1510714839
894,Just Like Animals: A Werelock Evolution Series Standalone Novel,B07DFMC41R
895,Redwall: the Graphic Novel,0399244816
896,A Christmas Gone Perfectly Wrong: A Blackshear Family novella (Blackshear Family series Book 0),B00QMEK3GE
897,Paintings from the Cave: Three Novellas,055349466X
898,Merry and Bright: A Novel,B01N6OUZID
899,Running Wild: A Second Shot Novella,B00XHRVXBI
900,BattleTech: A Splinter of Hope (BattleTech novellas),B07FV7P4ZL
901,Sea Sick: A Zombie Horror Novel (Ravaged World Trilogy),B0093ZS5VE
902,The Little Shop of Found Things: A Novel,1250072433
903,"Blind Prophet, Episode 1: A Prophet Is Born",B06XBF9L5V
904,Shadow of Time: Dark Dreams: YA Paranormal Romance,B00AOL7W38
905,Gods of Risk: An Expanse Novella,B00K8CM0K8
906,Accidental Princess: A Hidden Kingdom Novel,B07H1J6FD3
907,"No Game No Life, Vol. 2 - light novel",0316385174
908,VIP: I'm With the Band - FREE PREVIEW EDITION (The First 75 Pages),B0151YRIFY
909,The Deadline: A Novel About Project Management,0932633390
910,The Girl from Krakow: A Novel,B00RNI2U1O
912,"The Asterisk War, Vol. 1 (light novel): Encounter with a Fiery Princess",B01CO4AZUY
913,"Missing, Presumed: A Novel (Manon Bradshaw)",B0165I3V06
914,"Log Horizon, Vol. 3: Game's End, Part 1 - light novel",0316263842
915,The Rosie Project: A Novel,1476729093
916,Opal (A Lux Novel Book 3),B00K48GVUQ
917,"Write Your Novel From The Middle: A New Approach for Plotters, Pantsers and Everyone in Between",0910355118
918,"KIDNAPPED, A Romantic Suspense Novel (Edgars Family Novels Book 1)",B007OYYIE4
919,John Sandford: The Kidd Novels 1-4,B0081KZKRE
920,The Dying of the Light: A Novel,B072626K9K
921,Imitation and Alchemy: Elemental Legacy Novella 0.5,B01B5DJSGM
922,"Sword Art Online Alternative Gun Gale Online, Vol. 3 (light novel): Second Squad Jam: Finish (Sword Art Online Alternative Gun Gale Online (light novel))",1975353854
923,Moby Dick: The Illustrated Novel,1681778483
924,Percy Jackson and the Titan's Curse: The Graphic Novel (Book 3) (Percy Jackson Graphic Novels),0141338261
925,Ireland: A Novel,B000TU16QS
926,"Unknown Touch: Werewolf Series, 1",B012JHLROY
927,End Game: A Dirty Money Novel,B06XBYCSW8
928,"Anne Boleyn, A King's Obsession: A Novel (Six Tudor Queens)",1101966513
929,As Close to Us as Breathing: A Novel,B014E0E9TE
930,"Is It Wrong to Try to Pick Up Girls in a Dungeon? On the Side: Sword Oratoria, Vol. 2 (light novel)",B01LWP1O0O
931,Closer - A Contemporary Billionaire Romance Novel (Chicago Billionaires Book 1),B016M0D3GO
932,The Girl in the Glass Box: A Jack Swyteck Novel,0062657836
933,Messiah (Vocal Score. The New Novello Choral Edition),B000N55J9O
934,The Time of Our Singing: A Novel,B000OI0DUK
935,Killing Commendatore: A novel,052552004X
936,In This House of Brede: A Novel,B01M01X0Y9
937,The Beauty Queen of Jerusalem: A Novel,B015CKNXBU
938,Pieces of Silver (A World War One Novel Series Book 1),B07C41P7ZH
939,Little Bee: A Novel,B001QWDRF6
940,Mash: A Novel About Three Army Doctors,B0014H326C
941,Hamlet (No Fear Shakespeare Graphic Novels),1411498739
942,This Scorched Earth: A Novel of the Civil War and the American West,B071NRPBZV
943,Starting Today: A Street of Storms Novel,B07C5D7DF4
944,Star Wars: Solo Graphic Novel Adaptation (Star Wars Movie Adaptations),1684053919
945,Deep Freeze (A Virgil Flowers Novel),B01NBU65Z1
946,Turning Point: A Novel,0399179356
947,Wolf Pack (A Joe Pickett Novel),0525538194
948,China Dolls: A Novel,B00H6JFJKE
949,"The Phoenix Project: A Novel about IT, DevOps, and Helping Your Business Win",1942788290
950,Rose of the Oath: A Beauty and the Beast Novella (Legends of Light Book 1),B071ZBWYKZ
951,The Adventures of Huckleberry Finn: The Graphic Novel (Campfire Graphic Novels),9380028350
952,"Rokka: Braves of the Six Flowers, Vol. 4 (light novel) (Rokka: Braves of the Six Flowers (Light Novel))",031655622X
953,[FREE] Harlequin comics 2016. September New Titles vol.1,B01LC92QMW
954,The Last Equation of Isaac Severy: A Novel in Clues,B074ZR3NWQ
955,National Novel Writing Month's Young Novelist Workbook - Middle School,1530353009
956,Fool for Love (High Rise Novella One): A Lesbian Romance Series,B00A9NWXNK
957,Secret Wars Prelude,0785193995
958,"Re:Zero: Starting Life in Another World, Vol. 1",0316315303
960,Arifureta: From Commonplace to World's Strongest Volume 8,B07GX3RZY6
961,To Kill a Mockingbird - Teacher Guide by Novel Units,1561371572
962,Courage Begins: A Ray Courage Mystery Novella (Ray Courage Private Investigator Series Book 1),B00VDL2A30
963,The Sandman: A novel (Joona Linna),B071X2K24V
964,Return of Midnight Marauder: A Series of Western Novels Featuring the Adventures of John Crudder,B07CGHCDG9
965,Apollo,1910593508
966,The Obituary Society (An Obituary Society Novel Book 1),B00M8JIVW0
967,Positively Izzy,B071KYZCK1
968,Ursula K. Le Guin: The Hainish Novels and Stories: A Library of America Boxed Set,1598535374
969,Valentine's Day Sucks (A Young Adult Romance Novella),B006ZGBDCM
970,FIREFIGHT: A Viet Nam War Novel,B07GNL9DH9
971,The Secrets Of Ethan Falls,B076H97G6G
972,Third Time's The Charm (A Morning Glory Novel Book 4),B07CNG4QPQ
973,Haunted (A Hannah Smith Novel Book 3),B00INIQUEG
974,Terra Incognita: Three Novellas,B077RGJNHQ
975,"Saving Xenos: An Unofficial Graphic Novel for Minecrafters, #6",B06ZY3WX9R
976,"My Youth Romantic Comedy Is Wrong, As I Expected, Vol. 5 (light novel)",0316318086
977,Man Down,B00OZDHKKG
978,"Louise Penny Boxed Set (1-3): Still Life, A Fatal Grace, The Cruelest Month (Chief Inspector Gamache Novel)",1250059682
979,The Fortune Teller: A Novel,B01LM0F4RA
980,Grimgar of Fantasy and Ash (Light Novel) Vol. 7,1626928401
981,"The Devil Is a Part-Timer, Vol. 1 - light novel",0316383120
982,The Chance: A Novel,B008J2B6V8
983,The Wizard of Oz: The Graphic Novel,0142404713
984,Leopard's Prey (A Leopard Novel Book 6),B009NY2Q7O
985,Tie My Bones to Her Back: A Novel,B00EBO23QU
986,"Is It Wrong to Try to Pick Up Girls in a Dungeon? On the Side: Sword Oratoria, Vol. 3 (light novel)",B01MSCQTZC
987,3 Prehistoric World Novels: Boxed Set,B00LDFV33O
988,Dark Places: A Novel,B0028TY1CO
989,The 100 Greatest Novels of All Time,B01CQ5AER0
990,Until the Stars Fade: A Love at First Sight novella,B077CPXN1K
991,your name. (light novel),0316471860
992,Edgar and Lucy: A Novel,B01KFWOL5W
993,The Thinking Woman's Guide to Real Magic: A Novel,B0074VTHMK
994,China Sea: A Thriller (Dan Lenson Novels Book 6),B00DFFGOVG
997,To Dance: A Ballerina's Graphic Novel,1416926879
998,A Column of Fire: A Novel (Kingsbridge),B01N1U8IB3
999,"Spice and Wolf, Vol. 19 (light novel): Spring Log II",1975300122
1000,"Come to the Lake: Three clean and wholesome Christian romance novellas set in Huckleberry Lake, Idaho",B07G8TDQJH
1001,Amara's Calling: A Billionaire's Club Novel (Billionaire's Club Series Book 1),B078Z3YG7M
1002,"Connections in Death: An Eve Dallas Novel (In Death, Book 48)",1250201578
1003,Taken! - Michael (A Taken! Novel Book 16),B016QYD6Q8
1004,The Way of Shadows: The Graphic Novel (Night Angel Book 1),B00M7D0ELS
1005,What Should Be Wild: A Novel,B071YRWJNR
1006,It: A Novel,1501175467
1008,Kane: A Western Romance Cowboy Novel  (The Wilder Brothers  Book 4),B0731HP5M4
1009,"The Devil Is a Part-Timer!, Vol. 10 (light novel)",B079DQNNRG
1010,Invisible Emmie,B01JYX459U
1011,Y is for Yesterday (A Kinsey Millhone Novel),0525536701
1012,Philip K. Dick: Four Novels of the 1960s,1598530097
1013,"Millionaire Romance: In Love With My Boss - A Contemporary Romance (Millionaire Romance, Contemporary Romance, Comedy Romance Book 1)",B00XSN8BXY
1014,Thief of Always (Graphic Novel ),1600107133
1015,A Delicate Touch (A Stone Barrington Novel),0735219257
1016,A Little More Dead: An Afterlife Adventures Novel (A Paranormal Ghost Cozy Mystery Series Book 3),B06XDNNQTK
1017,"Log Horizon, Vol. 5 - light novel",0316263869
1018,To Kill A Mockingbird - Student Packet by Novel Units,1561373079
1019,Take Me Home (Last Frontier Lodge Novels Book 1),B018DMNK3U
1020,11/22/63: A Novel,1451627297
1021,Chronicles of Barsetshire Collection (Six novels in one volume!),B002L6HZWC
1022,This One Summer,159643774X
1023,The Dry: A Novel,B01BSN15F6
1024,Kingdom of the Blind: A Chief Inspector Gamache Novel,1250066204
1025,Sword Art Online 5: Phantom Bullet - light novel,0316296449
1026,The Forsaken Inn A Novel,B004TRABRC
1027,The Highland Bride's Choice: A Novella (Campbell Sisters Book 1),B00ENL37NE
1028,Sacred Hearts: A Novel,B002E58OES
1029,Wiping Out Guilt: A Private Detective Crime Novel (Kina McKevie Book 1),B06XX841LX
1030,Legendary: A Caraval Novel,B0761LDGSS
1033,To Take: A Novella,B06XNSJH91
1034,The Clockmaker's Daughter: A Novel,1451649398
1035,Stygian: A Dark-Hunter Novel (Dark-Hunter Novels),1250102685
1036,Echo Moon (A Ghost Gifts Novel Book 3),B076H5BM4K
1038,Avengers by Brian Michael Bendis: The Complete Collection Vol. 1,1302907735
1039,Panacea: Demonic Experiments Horror Novel,B07GNSX8KS
1040,Autumn: A Novel (Seasonal Quartet),B01G0GFQMO
1041,Summary - All The Light We Cannot See: A Novel by Anthony Doerr,B011D3I80G
1042,Dangerous Desires: (A BBW Erotic Romance) (My Desires Series Book 1),B00R9NROBY
1046,Invaders of the Rokujouma!?: Volume 16,B07HP2LK5J
1047,Bleachers: A Novel,B003B02PFE
1048,Russka: The Novel of Russia,0345479351
1049,Beautiful Ruin (A Nolan Brothers Novel Book 1),B0195EOO26
1050,Disney·PIXAR The Incredibles 2: Heroes at Home (Younger Readers Graphic Novel),1506709435
1051,[Free] Harlequin Comics Best Selection Vol. 78,B01N5Y2ZOV
1052,Bespoke: A Tiny Christmas Tale: (Inspirational Victorian Novella) (Espoir Archives Book 1),B0106X7SP0
1053,Magic Kiss (A Hope Falls Novel Book 11),B014VPZHCU
1054,Tom Clancy Line of Sight (A Jack Ryan Jr. Novel),0735215928
1055,"Twilight: The Graphic Novel, Volume 1 (The Twilight Saga)",0759529434
1056,Pains and Penalties: (A Geeks and Things Cozy Mystery Novella #1) (Geeks and Things Cozy Mysteries),B01CLE3P4K
1057,Troubleshooting Your Novel: Essential Techniques for Identifying and Solving Manuscript Problems,1599639807
1058,The Best Medicine (A Bell Harbor Novel),B00FEVBUYA
1059,The Zealot: A Roman Legion Novel (Roman Legion Novels),B00X76SUDI
1060,The Snake Stone: A Novel (Investigator Yashim Book 2),B004L62DZ4
1061,"Baccano!, Vol. 1: The Rolling Bootlegs - light novel",0316270369
1062,A Novel Journal: Anne of Green Gables (Novel Journals),1626865183
1063,"Rokka: Braves of the Six Flowers, Vol. 2 (light novel) (Rokka: Braves of the Six Flowers (Light Novel))",031655619X
1064,[Free] Harlequin Comics Best Selection Vol. 69,B01MXSV3N1
1065,"Spice and Wolf, Vol. 10 - light novel",0316322369
1066,The Midnight Line: A Jack Reacher Novel,B06WP486XH
1067,Treasure Island: The Graphic Novel (Campfire Graphic Novels),9380028210
1068,Awakened: A House of Night Novel,B003P8PEFA
1069,Sword Art Online 15 (light novel): Alicization Invading,0316390496
1070,Cousin Kate (Regency Romances),B002WWKZJA
1071,Lost in Her (A K2 Team Novel Book 4),B0142BVMFY
1072,Journal of a Novel: The East of Eden Letters,0140144188
1073,Heart Spring Mountain: A Novel,B071CT7NC4
1074,Love at Last (Last Frontier Lodge Novels Book 2),B01BASI3TK
1075,I Want To Be Yours (British Billionaires Book 1),B00SO2WA6S
1076,Sector 64: First Contact: A Sector 64 Prequel Novella,B071ZT3QVX
1077,Secrets of the Heart: A Christian Suspense Romance Novel (The Crystal Cove Series Book 1),B01MYVAHMC
1078,Jazz Owls: A Novel of the Zoot Suit Riots,1534409432
1080,Rabbi Harvey vs. the Wisdom Kid: A Graphic Novel of Dueling Jewish Folktales in the Wild West,1580234224
1081,"Novel Writing Prep: A 30-Day Planner That Prepares You To Write 50,000 Words in One Month (The Productive Novelist #1)",B07G9Z7Q9M
1082,My Mother's Secret: A Novel Based on a True Holocaust Story,B00DUGZZ1U
1083,How NOT to Summon a Demon Lord: Volume 5,B07G7FR7XD
1084,Someone To Love (A Westcott Novel),B01BK0SQ36
1085,"Meanwhile: Pick Any Path. 3,856 Story Possibilities. (Top Ten Great Graphic Novels for Teens)",0810984237
1086,The Vital Abyss: An Expanse Novella,B016MXFAU8
1087,"Crime Novels: American Noir of the 1930s and 40s: The Postman Always Rings Twice / They Shoot Horses, Don't They? / Thieves Like Us / The Big Clock / ... a Dead Man (Library of America) (Vol 1)",1883011469
1089,Entangled (The Fredrickson Winery Novels Book 1),B00427YJOK
1090,Elephant Mountain: A Novel,B079DW55MH
1094,The Frozen Hours: A Novel of the Korean War,0345549228
1095,Outline Your Novel (Writer to Author) (Volume 3),1984190334
1096,Trampoline: An Illustrated Novel,0821421530
1097,Quarterback Rush (Sports Illustrated Kids Graphic Novels),1434291839
1098,The Kite Runner Graphic Novel,159448547X
1099,The Pocket Wife: A Novel,B00REUYVHW
1100,The Long Patrol: World War II Novel (164th Regiment),B01KZ0LTEU
1101,Heart of the Matter: A Novel,B003JTHZ48
1102,Addict (An Erotic BDSM Romance Novel) (Cravings Book 1),B00R8Q0RSO
1103,The Scam: A Fox and O'Hare Novel,B00XSSMKF4
1104,The Weight of Lies: A Novel,B01M04OQWE
1105,Moby Dick (Graphic Novel),1506701493
1106,The Graphic Novel Classroom: POWerful Teaching and Learning with Images,1628737344
1107,Marvel Avengers Alliance (2016) #1,B01D3W5SIK
1108,A Conspiracy of Faith: A Department Q Novel (Department Q Series Book 3),B009VMB7FA
1109,12 Western Novels: Boxed Set,B00VJ54998
1110,Isolation: A Post-Apocalyptic Survival Novel (Sympatico Syndrome Book 2),B07258M3T7
1111,Four Dominions: A Testament Novel (The Testament Series),B0756HVCS9
1112,Spanish Novels: Crimen en Barcelona (Spanish Novels for Intermediates - B1),1519084870
1113,Dark Prelude,B006BHU6W8
1114,Little Broken Things: A Novel,B06ZYGFQQY
1115,Pride of Africa: Interracial Shifter Romance Novella (Hotel Safari Book 1),B01EPAOJ16
1116,The Kitchen Boy: A Novel of the Last Tsar (A Romanov Novel),B000OCXI94
1117,Prodigy: The Graphic Novel (Legend),0399171908
1118,Dave's Subs: A Novel Story About Workplace Accountability,0984041966
1119,Emma's Dream (Morgan's Run Romances Book 1),B0128IKHUO
1120,Bury Your Dead: A Chief Inspector Gamache Novel,0312626908
1121,Brutal Enemy (Sgt. Dunn Novels Book 3),B00RIFHJS6
1122,Batman: The Dark Prince Charming,1401283322
1123,Checkmate (A Kellerman novel Book 1),B006LA7GEQ
1124,Star Wars: The Last Jedi: Junior Novel,B079J63V44
1125,The Sea Peoples (A Novel of the Change),B01MY93675
1126,The Daisy Gumm Majesty Cozy Mystery Box Set 2 (Three Complete Cozy Mystery Novels in One): Historical Mystery (Daisy Gumm Majesty Mystery),B07B6FV3ZD
1130,Write Your Great Novel Course,B01M0CYPHJ
1132,Heart of the Assassins (An Academy of Assassins Novel Book 2),B07D7LWQN4
1133,Brooke's Daughter A Novel,B004TOTPH2
1134,Whistle in the Dark: A Novel,B071NKTYSJ
1135,Mine: A Novel of Obsession,B071GKVJRY
1136,Faithful: A Novel,B01CO34I62
1137,Sword Art Online 3: Fairy Dance (light novel),B06XKPCFBF
1138,Blackthorn Grove (A Katie Bishop Novel Book 2),B0782ZWZPB
1139,Great Lion of God: A Novel About Saint Paul,1504047788
1140,Carved in Bone: A Body Farm Novel,B000FCKRK6
1141,The Assassin and the Underworld: A Throne of Glass Novella (Throne of Glass series Book 1),B007N6JEQ0
1142,Robert B. Parker's Damned If You Do (A Jesse Stone Novel Book 12),B00C5R791Y
1143,"No Game No Life, Vol. 8 (light novel)",0316502669
1144,"W.I.T.C.H.: The Graphic Novel, Part III. A Crisis on Both Worlds, Vol. 1",B077M96MWV
1145,A Wish for Christmas: A Cape Light Novel (Cape Light Novels Book 10),B002QBV8IY
1146,"Olandon: A Tainted Accords Novella, 4.6",B079R6JRFG
1147,"Paper, Scissors, Rock: A Rock Games Novel",B074THJBH6
1148,Love the One You're With: A Novel,B0010SKT5M
1149,The Adults: A Novel,B079WMS6ZV
1150,Welcome to the NHK (Novel),1427802564
1151,My Italian Bulldozer: A Paul Stuart Novel (1),B01I85RNNK
1152,Beowulf,0763630233
1153,March (Trilogy Slipcase Set),1603093958
1154,The Magic in this Other World is Too Far Behind! Volume 1,B07C8HTQLH
1155,Iron Maiden Legacy of the Beast Volume 1,1947784072
1156,The Lake House: A Novel,1451649355
1157,"Into the Woods: A Different Scandinavian Crime Novel (Detective Lena Franke Series, Book #3)",B074N84DW3
1158,"The Wife, the Maid, and the Mistress: A Novel",B00EBRU0AS
1159,Black: Part 1 (Black Series),B00TCYJLNW
1160,Sight Reading: A Novel,B009NG3B4O
1161,The Book of God: The Bible as a Novel,B003TFE1RG
1162,Don't Try To Find Me: A Novel,B00FOPS4TU
1163,"Story Crisis, Story Climax 1: Using Film Structure to Outline Your Novel (Crisis Climax)",B00LO5EOHK
1164,Crossing Savage: A Peter Savage Novel,B00GPACBBA
1166,Then She Was Gone: A Novel,B074MDD3H6
1167,Savage Nature (A Leopard Novel Book 5),B004WB1AHK
1168,Danzig: A Novel of Political Intrigue,B01FNAGK9Q
1169,Journey: A Novel,B00HP3Q518
1170,An Honorable Assassin (A Nick Mason Novel),0399574417
1171,The Muse: A Novel,B017H7AD8C
1172,"Rokka: Braves of the Six Flowers, Vol. 1 (light novel) (Rokka: Braves of the Six Flowers (Light Novel))",0316501417
1173,Broken (A Redemption Novel Book 1),B00IWTSKBW
1174,Wind Chime Wedding (A Wind Chime Novel Book 2),B00XX8G7ZS
1175,Abiding Hope: A Novel: Healing Ruby Book 4,B0716Z5S6V
1176,Out of the Storm (Beacons of Hope): A Novella,B00NB3LMEG
1177,The Poppy War: A Novel,B072L58JW6
1178,Son of Stone: A Stone Barrington Novel,B0054TVOFC
1179,Five Smooth Stones: A Novel (Rediscovered Classics),1556528159
1180,Sword of Ice (Sgt. Dunn Novels Book 8),B075FGF9YL
1181,Glimpse: A Novel,B074DYDX8V
1182,Aquaman/Suicide Squad: Sink Atlantis,1401290728
1183,Something in the Water: A Novel,B075HYDH8B
1184,The Eiger Sanction: A Novel,B000FCK4VI
1185,How to Tame a Beast in Seven Days: A Novel of the Embraced,B01KFWX5CC
1186,The Strangers: A First Contact Novella,B076BZC7HM
1188,Mourn Not Your Dead: A Duncan Kincaid/Gemma James Crime Novel (Duncan Kincaid / Gemma James Book 4),B003VPWY82
1189,Crucible: A Thriller (Sigma Force Novels),0062381784
1190,The Wren (Wings of the West Book 1),B00NTHOKAC
1191,King Coal : a Novel,B0084AR60A
1192,Shared by the Firefighters (MFM Novella Series Book 2),B07D1DCV32
1193,My Purple Scented Novel: A Short Story (A Vintage Short),B07C6TBWRL
1194,Hood Rich: A Dope A** Love Story (A Standalone Novel),B07CQMTR68
1195,The Kremlin's Candidate: A Novel (The Red Sparrow Trilogy),1501140094
1196,Kurt Vonnegut: The Complete Novels: A Library of America Boxed Set,1598535099
1197,Monkey: Folk Novel of China,0802130860
1198,A Welcome at Our Door (An Amish Homestead Novel),0310349125